label_number,cost,epsilon,gamma,pearson,spearman
B.cells,256,0.005,1e-8,0.9943753928217306,0.878201868054435
B.cells,384,0.005,1e-8,0.9949120547904936,0.8803367075214341
B.cells,512,0.005,1e-8,0.9951456855056312,0.8811427073585161
B.cells,768,0.005,1e-8,0.995411784496018,0.8817358393991274
B.cells,256,0.05,1e-8,0.9918639838320794,0.8701736592685908
B.cells,384,0.05,1e-8,0.9907794566128285,0.8672562955573077
B.cells,512,0.05,1e-8,0.9903683582574251,0.8661050228897625
B.cells,768,0.05,1e-8,0.9907885719659126,0.8668718205048312
B.cells,256,5e-5,1e-8,0.9945898129925435,0.8789567462567708
B.cells,384,5e-5,1e-8,0.995106978278641,0.8810197194677662
B.cells,512,5e-5,1e-8,0.9953068004631226,0.8815484382485974
B.cells,768,5e-5,1e-8,0.9955303603977834,0.8821260723620435
B.cells,256,5e-4,1e-8,0.9945849443822676,0.8789228579941588
B.cells,384,5e-4,1e-8,0.9950944334696463,0.8809769118251973
B.cells,512,5e-4,1e-8,0.9952946433281881,0.8815323349336524
B.cells,768,5e-4,1e-8,0.9955175485303058,0.8821079510878322
B.cells,256,5e-6,1e-8,0.9945899820825836,0.8789498582891418
B.cells,384,5e-6,1e-8,0.9950937657094189,0.88099686271581
B.cells,512,5e-6,1e-8,0.9952928846990224,0.8815026978385614
B.cells,768,5e-6,1e-8,0.9955352150358228,0.8821451757097646
B.cells,256,0.005,1e-7,0.9963166358899376,0.8829445431873912
B.cells,384,0.005,1e-7,0.9967406278548206,0.8833364846891528
B.cells,512,0.005,1e-7,0.9969650733707337,0.8834970604345028
B.cells,768,0.005,1e-7,0.9973122842285902,0.8839769715072132
B.cells,256,0.05,1e-7,0.9933697775656095,0.8724766620077813
B.cells,384,0.05,1e-7,0.9938179232472404,0.8736130286828794
B.cells,512,0.05,1e-7,0.9944288675513593,0.8749059889970419
B.cells,768,0.05,1e-7,0.9948695297623026,0.8755112691524363
B.cells,256,5e-5,1e-7,0.9964103255239867,0.8834602797636093
B.cells,384,5e-5,1e-7,0.9967962111058917,0.8836910132261174
B.cells,512,5e-5,1e-7,0.997066715864869,0.8840371874117194
B.cells,768,5e-5,1e-7,0.9973707490828109,0.8843594151473615
B.cells,256,5e-4,1e-7,0.9964136429238344,0.8834080684308593
B.cells,384,5e-4,1e-7,0.9968145833740597,0.8837820231890274
B.cells,512,5e-4,1e-7,0.9970811892692549,0.8840649679842856
B.cells,768,5e-4,1e-7,0.9973840061734086,0.8843079437330094
B.cells,256,5e-6,1e-7,0.9964123397631883,0.8834345036972479
B.cells,384,5e-6,1e-7,0.9967991107519113,0.8837377491627247
B.cells,512,5e-6,1e-7,0.9970708816587166,0.8840362322443334
B.cells,768,5e-6,1e-7,0.997373669891197,0.8843357243055753
B.cells,256,0.005,1e-6,0.9978234426367498,0.884489183381246
B.cells,384,0.005,1e-6,0.9978890036926175,0.8844197521294238
B.cells,512,0.005,1e-6,0.9978791027902827,0.8841033495695304
B.cells,768,0.005,1e-6,0.9978978157044338,0.8839626439964225
B.cells,256,0.05,1e-6,0.9954575048416925,0.8770510931501756
B.cells,384,0.05,1e-6,0.9957011743425187,0.8784769966208017
B.cells,512,0.05,1e-6,0.9957626932334938,0.8784475882277608
B.cells,768,0.05,1e-6,0.9956385411639832,0.8777333517250483
B.cells,256,5e-5,1e-6,0.9978435327849509,0.8842531359593367
B.cells,384,5e-5,1e-6,0.9977825419196005,0.8836799682623999
B.cells,512,5e-5,1e-6,0.997706873523425,0.8831888642422924
B.cells,768,5e-5,1e-6,0.997514751477056,0.8821354760522245
B.cells,256,5e-4,1e-6,0.9978539398696389,0.8842422389792988
B.cells,384,5e-4,1e-6,0.9977985446305856,0.8837837855401199
B.cells,512,5e-4,1e-6,0.997674003227531,0.8830774459846694
B.cells,768,5e-4,1e-6,0.997532561184746,0.8823240207130054
B.cells,256,5e-6,1e-6,0.9978484999744851,0.8842595934289889
B.cells,384,5e-6,1e-6,0.9977777030589091,0.8836488782366373
B.cells,512,5e-6,1e-6,0.9976883379461903,0.8831344600604731
B.cells,768,5e-6,1e-6,0.9975204067872593,0.8821925304872136
B.cells,256,0.005,1e-5,0.9976065048368794,0.8818075576714516
B.cells,384,0.005,1e-5,0.9973658795460849,0.8808027888466395
B.cells,512,0.005,1e-5,0.9972623948570358,0.8804434979258065
B.cells,768,0.005,1e-5,0.9972101878333536,0.8803057520262892
B.cells,256,0.05,1e-5,0.9955194538633495,0.8772958716091772
B.cells,384,0.05,1e-5,0.9955194538633495,0.8772958716091772
B.cells,512,0.05,1e-5,0.9955194538633495,0.8772958716091772
B.cells,768,0.05,1e-5,0.9955194538633495,0.8772958716091772
B.cells,256,5e-5,1e-5,0.9965039888036608,0.87859671541754
B.cells,384,5e-5,1e-5,0.9959671466035533,0.8768588219912831
B.cells,512,5e-5,1e-5,0.9956196798609745,0.8760271268062102
B.cells,768,5e-5,1e-5,0.9951252170170702,0.8747885437677435
B.cells,256,5e-4,1e-5,0.9965789422212931,0.878719824385846
B.cells,384,5e-4,1e-5,0.9960479145456183,0.8772090320954177
B.cells,512,5e-4,1e-5,0.9956184553327363,0.8760473736641821
B.cells,768,5e-4,1e-5,0.9949697394626631,0.8746167885280581
B.cells,256,5e-6,1e-5,0.9964597034244254,0.8784185296143262
B.cells,384,5e-6,1e-5,0.99596489076631,0.876974854649095
B.cells,512,5e-6,1e-5,0.9955653246887417,0.8758169361690329
B.cells,768,5e-6,1e-5,0.9951282182097454,0.8747500545580044
B.cells,256,0.005,1e-4,0.9974268265359891,0.8812082775816089
B.cells,384,0.005,1e-4,0.9974268265359891,0.8812082775816089
B.cells,512,0.005,1e-4,0.9974268265359891,0.8812082775816089
B.cells,768,0.005,1e-4,0.9974268265359891,0.8812082775816089
B.cells,256,0.05,1e-4,0.9954748469215362,0.8750078690338662
B.cells,384,0.05,1e-4,0.9954748469215362,0.8750078690338662
B.cells,512,0.05,1e-4,0.9954748469215362,0.8750078690338662
B.cells,768,0.05,1e-4,0.9954748469215362,0.8750078690338662
B.cells,256,5e-5,1e-4,0.9937195975948164,0.8731658892686536
B.cells,384,5e-5,1e-4,0.9928889815301666,0.8720976354453239
B.cells,512,5e-5,1e-4,0.9920476569630818,0.8707452395042381
B.cells,768,5e-5,1e-4,0.9909501459382762,0.8693844892117898
B.cells,256,5e-4,1e-4,0.9945283804887497,0.8745818105674424
B.cells,384,5e-4,1e-4,0.9940012329936116,0.8737114243767038
B.cells,512,5e-4,1e-4,0.9936429045123072,0.8730665653135665
B.cells,768,5e-4,1e-4,0.9932726440565286,0.8723050143925902
B.cells,256,5e-6,1e-4,0.9936128173157935,0.8730610361051769
B.cells,384,5e-6,1e-4,0.9927123404395937,0.8715942084206303
B.cells,512,5e-6,1e-4,0.9918556611328101,0.8704468102348766
B.cells,768,5e-6,1e-4,0.9908065000007046,0.8691920162569706
B.cells,256,0.005,0.001,0.9972365691141953,0.8820044835897184
B.cells,384,0.005,0.001,0.9972365691141953,0.8820044835897184
B.cells,512,0.005,0.001,0.9972365691141953,0.8820044835897184
B.cells,768,0.005,0.001,0.9972365691141953,0.8820044835897184
B.cells,256,0.05,0.001,0.991765879115802,0.8540487521594045
B.cells,384,0.05,0.001,0.991765879115802,0.8540487521594045
B.cells,512,0.05,0.001,0.991765879115802,0.8540487521594045
B.cells,768,0.05,0.001,0.991765879115802,0.8540487521594045
B.cells,256,5e-5,0.001,0.9954165424074993,0.8763945299232938
B.cells,384,5e-5,0.001,0.9954165424074993,0.8763945299232938
B.cells,512,5e-5,0.001,0.9954165424074993,0.8763945299232938
B.cells,768,5e-5,0.001,0.9954165424074993,0.8763945299232938
B.cells,256,5e-4,0.001,0.9959944638355458,0.877555784762676
B.cells,384,5e-4,0.001,0.9959944638355458,0.877555784762676
B.cells,512,5e-4,0.001,0.9959944638355458,0.877555784762676
B.cells,768,5e-4,0.001,0.9959944638355458,0.877555784762676
B.cells,256,5e-6,0.001,0.9953163933942365,0.8762048148461384
B.cells,384,5e-6,0.001,0.9953163933942365,0.8762048148461384
B.cells,512,5e-6,0.001,0.9953163933942365,0.8762048148461384
B.cells,768,5e-6,0.001,0.9953163933942365,0.8762048148461384
CD4.T.cells,256,0.005,1e-8,0.8620263070629798,0.72483172171843
CD4.T.cells,384,0.005,1e-8,0.8860472716668412,0.74508102553345
CD4.T.cells,512,0.005,1e-8,0.9062398841748346,0.763085932724379
CD4.T.cells,768,0.005,1e-8,0.9380377878075735,0.7961785611924824
CD4.T.cells,256,0.05,1e-8,0.8823945376100921,0.7382658659638863
CD4.T.cells,384,0.05,1e-8,0.8971485445563472,0.7515255435760265
CD4.T.cells,512,0.05,1e-8,0.9114547100873183,0.765115608368816
CD4.T.cells,768,0.05,1e-8,0.9304045549092026,0.7847976154328931
CD4.T.cells,256,5e-5,1e-8,0.8637428870954416,0.7266629675853606
CD4.T.cells,384,5e-5,1e-8,0.8862941492940607,0.7459510971449406
CD4.T.cells,512,5e-5,1e-8,0.9076749269145902,0.7647367745419775
CD4.T.cells,768,5e-5,1e-8,0.9379373008057306,0.7963395719065801
CD4.T.cells,256,5e-4,1e-8,0.8630528929650216,0.726144117480607
CD4.T.cells,384,5e-4,1e-8,0.8860453333260773,0.7457096577932145
CD4.T.cells,512,5e-4,1e-8,0.9070679900456757,0.7641571493137339
CD4.T.cells,768,5e-4,1e-8,0.937885404251301,0.7962690500810684
CD4.T.cells,256,5e-6,1e-8,0.8630238357988012,0.7260636554867089
CD4.T.cells,384,5e-6,1e-8,0.8865120993529887,0.7461547838705601
CD4.T.cells,512,5e-6,1e-8,0.9072689435417771,0.764366179713768
CD4.T.cells,768,5e-6,1e-8,0.9376459099463856,0.795975147988275
CD4.T.cells,256,0.005,1e-7,0.9857100682940156,0.8663609799882361
CD4.T.cells,384,0.005,1e-7,0.9882781110763813,0.8714249620807843
CD4.T.cells,512,0.005,1e-7,0.989536236675234,0.8736704327767614
CD4.T.cells,768,0.005,1e-7,0.9907500413849462,0.8758289103212225
CD4.T.cells,256,0.05,1e-7,0.9689260031901822,0.8359116824592152
CD4.T.cells,384,0.05,1e-7,0.9749212188669407,0.8460761050471516
CD4.T.cells,512,0.05,1e-7,0.9776211958642534,0.8507527341215665
CD4.T.cells,768,0.05,1e-7,0.9817047549516116,0.857722126411214
CD4.T.cells,256,5e-5,1e-7,0.9865502662862582,0.867855681107121
CD4.T.cells,384,5e-5,1e-7,0.98862552478523,0.8720684178668271
CD4.T.cells,512,5e-5,1e-7,0.989781244569599,0.8740930300295157
CD4.T.cells,768,5e-5,1e-7,0.9911238082844562,0.8761826935894764
CD4.T.cells,256,5e-4,1e-7,0.9864265928860889,0.8676983796102198
CD4.T.cells,384,5e-4,1e-7,0.9885766391548211,0.8718985143712135
CD4.T.cells,512,5e-4,1e-7,0.9898393076126701,0.8741472739953879
CD4.T.cells,768,5e-4,1e-7,0.9911555007179612,0.876187903838812
CD4.T.cells,256,5e-6,1e-7,0.9864643990701178,0.8676608671492557
CD4.T.cells,384,5e-6,1e-7,0.9885955710375859,0.8719287084665938
CD4.T.cells,512,5e-6,1e-7,0.9898139025818377,0.874184813141368
CD4.T.cells,768,5e-6,1e-7,0.991157449503771,0.8762538691978754
CD4.T.cells,256,0.005,1e-6,0.9927545520822915,0.876875076351993
CD4.T.cells,384,0.005,1e-6,0.9928803644579711,0.8761164813940169
CD4.T.cells,512,0.005,1e-6,0.9929082349483088,0.8756699810383575
CD4.T.cells,768,0.005,1e-6,0.9925451598086155,0.8739601052945501
CD4.T.cells,256,0.05,1e-6,0.9864532384691418,0.8652921717215573
CD4.T.cells,384,0.05,1e-6,0.9861195583817574,0.8649955811134217
CD4.T.cells,512,0.05,1e-6,0.9868792753179066,0.8664204075184281
CD4.T.cells,768,0.05,1e-6,0.987319347196746,0.8669368626430134
CD4.T.cells,256,5e-5,1e-6,0.99196270611155,0.874509416344842
CD4.T.cells,384,5e-5,1e-6,0.9917312904616138,0.8734837310637
CD4.T.cells,512,5e-5,1e-6,0.9915121350113744,0.8726745279732545
CD4.T.cells,768,5e-5,1e-6,0.99099602618968,0.8718228556801597
CD4.T.cells,256,5e-4,1e-6,0.9919510734071312,0.8744312025635252
CD4.T.cells,384,5e-4,1e-6,0.9918918884146597,0.8737443702842957
CD4.T.cells,512,5e-4,1e-6,0.9916359542134309,0.8729715321991351
CD4.T.cells,768,5e-4,1e-6,0.9911311532625836,0.8719578284900882
CD4.T.cells,256,5e-6,1e-6,0.9919175309453654,0.874428413979374
CD4.T.cells,384,5e-6,1e-6,0.9917254201179632,0.8734593943292882
CD4.T.cells,512,5e-6,1e-6,0.9914963881010483,0.8727229079069042
CD4.T.cells,768,5e-6,1e-6,0.9909660896205001,0.8717210390023657
CD4.T.cells,256,0.005,1e-5,0.990864632693319,0.8702301938682643
CD4.T.cells,384,0.005,1e-5,0.9904201269653646,0.8693627373883223
CD4.T.cells,512,0.005,1e-5,0.9900770313376038,0.8687239848363146
CD4.T.cells,768,0.005,1e-5,0.9894566511267195,0.8674487546298965
CD4.T.cells,256,0.05,1e-5,0.9890644227875439,0.8700302764011267
CD4.T.cells,384,0.05,1e-5,0.9891907287016973,0.8702805218080676
CD4.T.cells,512,0.05,1e-5,0.9891907287016973,0.8702805218080676
CD4.T.cells,768,0.05,1e-5,0.9891907287016973,0.8702805218080676
CD4.T.cells,256,5e-5,1e-5,0.9883697435796281,0.8689851911134964
CD4.T.cells,384,5e-5,1e-5,0.9877314199974979,0.8686685133597155
CD4.T.cells,512,5e-5,1e-5,0.987535904842083,0.8682407992551809
CD4.T.cells,768,5e-5,1e-5,0.9873657599351432,0.8674831716290277
CD4.T.cells,256,5e-4,1e-5,0.9887867534426191,0.8695995802460764
CD4.T.cells,384,5e-4,1e-5,0.988254172750787,0.8693643051330007
CD4.T.cells,512,5e-4,1e-5,0.9878999822959217,0.8685896724805273
CD4.T.cells,768,5e-4,1e-5,0.9870779827662416,0.8674065456061512
CD4.T.cells,256,5e-6,1e-5,0.9883081722713781,0.8689631159341737
CD4.T.cells,384,5e-6,1e-5,0.9877170536104775,0.868777408237951
CD4.T.cells,512,5e-6,1e-5,0.9874194873992593,0.8681580623636856
CD4.T.cells,768,5e-6,1e-5,0.9872128871586918,0.867241265289525
CD4.T.cells,256,0.005,1e-4,0.9893980348321252,0.866899110016907
CD4.T.cells,384,0.005,1e-4,0.9894670214279989,0.867006603931813
CD4.T.cells,512,0.005,1e-4,0.9894670214279989,0.867006603931813
CD4.T.cells,768,0.005,1e-4,0.9894670214279989,0.867006603931813
CD4.T.cells,256,0.05,1e-4,0.9887871883003503,0.8701861769346982
CD4.T.cells,384,0.05,1e-4,0.9887871883003503,0.8701861769346982
CD4.T.cells,512,0.05,1e-4,0.9887871883003503,0.8701861769346982
CD4.T.cells,768,0.05,1e-4,0.9887871883003503,0.8701861769346982
CD4.T.cells,256,5e-5,1e-4,0.9844886975390368,0.8652960477201026
CD4.T.cells,384,5e-5,1e-4,0.9819287875316625,0.8626141702756935
CD4.T.cells,512,5e-5,1e-4,0.9800375608376566,0.8605347871180705
CD4.T.cells,768,5e-5,1e-4,0.9773235141501471,0.8574186043702237
CD4.T.cells,256,5e-4,1e-4,0.9842251799799444,0.8651819759488013
CD4.T.cells,384,5e-4,1e-4,0.9812184834299795,0.8618716263547225
CD4.T.cells,512,5e-4,1e-4,0.9789837978524621,0.8593729749000664
CD4.T.cells,768,5e-4,1e-4,0.9761973650556502,0.8564101309242741
CD4.T.cells,256,5e-6,1e-4,0.9845128467483308,0.865317722624188
CD4.T.cells,384,5e-6,1e-4,0.981636205704342,0.8620931987121835
CD4.T.cells,512,5e-6,1e-4,0.9799773540020658,0.8602455482317884
CD4.T.cells,768,5e-6,1e-4,0.9770553463993236,0.8571236415480521
CD4.T.cells,256,0.005,0.001,0.992192299079256,0.8715202476009607
CD4.T.cells,384,0.005,0.001,0.992192299079256,0.8715202476009607
CD4.T.cells,512,0.005,0.001,0.992192299079256,0.8715202476009607
CD4.T.cells,768,0.005,0.001,0.992192299079256,0.8715202476009607
CD4.T.cells,256,0.05,0.001,0.9890117428147317,0.8678267678924991
CD4.T.cells,384,0.05,0.001,0.9890117428147317,0.8678267678924991
CD4.T.cells,512,0.05,0.001,0.9890117428147317,0.8678267678924991
CD4.T.cells,768,0.05,0.001,0.9890117428147317,0.8678267678924991
CD4.T.cells,256,5e-5,0.001,0.9868576952472343,0.8665561608650687
CD4.T.cells,384,5e-5,0.001,0.9868576952472343,0.8665561608650687
CD4.T.cells,512,5e-5,0.001,0.9868576952472343,0.8665561608650687
CD4.T.cells,768,5e-5,0.001,0.9868576952472343,0.8665561608650687
CD4.T.cells,256,5e-4,0.001,0.9885188956308849,0.8679135408926345
CD4.T.cells,384,5e-4,0.001,0.9885188956308849,0.8679135408926345
CD4.T.cells,512,5e-4,0.001,0.9885188956308849,0.8679135408926345
CD4.T.cells,768,5e-4,0.001,0.9885188956308849,0.8679135408926345
CD4.T.cells,256,5e-6,0.001,0.9866699878358639,0.8663305990977451
CD4.T.cells,384,5e-6,0.001,0.9866699878358639,0.8663305990977451
CD4.T.cells,512,5e-6,0.001,0.9866699878358639,0.8663305990977451
CD4.T.cells,768,5e-6,0.001,0.9866699878358639,0.8663305990977451
CD8.T.cells,256,0.005,1e-8,0.8202384139379937,0.7113082122982177
CD8.T.cells,384,0.005,1e-8,0.8462481722947949,0.7340297341096784
CD8.T.cells,512,0.005,1e-8,0.8712590243221805,0.7517404888002285
CD8.T.cells,768,0.005,1e-8,0.9115774741712913,0.7838990455980412
CD8.T.cells,256,0.05,1e-8,0.8432062603783095,0.7288966096257766
CD8.T.cells,384,0.05,1e-8,0.8709379298551103,0.7514786975168333
CD8.T.cells,512,0.05,1e-8,0.8879647014044273,0.7647657908345763
CD8.T.cells,768,0.05,1e-8,0.920820041262533,0.7940961284623336
CD8.T.cells,256,5e-5,1e-8,0.8203691693722764,0.7114826592073069
CD8.T.cells,384,5e-5,1e-8,0.8450940332660686,0.7336415816756376
CD8.T.cells,512,5e-5,1e-8,0.8705779098914339,0.751706899977622
CD8.T.cells,768,5e-5,1e-8,0.9120524820034063,0.7843166084051564
CD8.T.cells,256,5e-4,1e-8,0.820144042717801,0.7111070689929209
CD8.T.cells,384,5e-4,1e-8,0.845517748899761,0.7338947742204455
CD8.T.cells,512,5e-4,1e-8,0.8708234515441924,0.7518699938646701
CD8.T.cells,768,5e-4,1e-8,0.9119896090891999,0.7842665207528856
CD8.T.cells,256,5e-6,1e-8,0.8204117528618664,0.7113157361944815
CD8.T.cells,384,5e-6,1e-8,0.8451703715783293,0.7336990588688819
CD8.T.cells,512,5e-6,1e-8,0.8706269592668117,0.7517572294694156
CD8.T.cells,768,5e-6,1e-8,0.9114955363695209,0.7839272333379727
CD8.T.cells,256,0.005,1e-7,0.9881687763181289,0.873527997262426
CD8.T.cells,384,0.005,1e-7,0.9917022210050789,0.8775131364028114
CD8.T.cells,512,0.005,1e-7,0.9931531200297945,0.8789905206118653
CD8.T.cells,768,0.005,1e-7,0.994406767050182,0.8798708970879111
CD8.T.cells,256,0.05,1e-7,0.9758744555479019,0.858974511283714
CD8.T.cells,384,0.05,1e-7,0.9805397336233495,0.8651089588761031
CD8.T.cells,512,0.05,1e-7,0.9821076286001785,0.8667024126205563
CD8.T.cells,768,0.05,1e-7,0.9845172545375006,0.8697330111645806
CD8.T.cells,256,5e-5,1e-7,0.9888456452392985,0.8742689263825385
CD8.T.cells,384,5e-5,1e-7,0.9922456570958543,0.8779991532303986
CD8.T.cells,512,5e-5,1e-7,0.9936129806593245,0.8794780690897633
CD8.T.cells,768,5e-5,1e-7,0.9948928232474645,0.8809184652873631
CD8.T.cells,256,5e-4,1e-7,0.9888941562735077,0.8742066795764841
CD8.T.cells,384,5e-4,1e-7,0.992247369189711,0.8780159476417018
CD8.T.cells,512,5e-4,1e-7,0.9936796476239894,0.8796361649600076
CD8.T.cells,768,5e-4,1e-7,0.9948529075237964,0.8808076893504069
CD8.T.cells,256,5e-6,1e-7,0.988904503806172,0.8742656884200393
CD8.T.cells,384,5e-6,1e-7,0.9922419643349747,0.8779692054361625
CD8.T.cells,512,5e-6,1e-7,0.9936091992223143,0.879490281985663
CD8.T.cells,768,5e-6,1e-7,0.9949061728231589,0.8809191370638152
CD8.T.cells,256,0.005,1e-6,0.9954500667477112,0.8802441629557728
CD8.T.cells,384,0.005,1e-6,0.9953854399987626,0.8795824362793664
CD8.T.cells,512,0.005,1e-6,0.9952284129571369,0.8791301023230889
CD8.T.cells,768,0.005,1e-6,0.9949848319795108,0.877806648970276
CD8.T.cells,256,0.05,1e-6,0.9886005318631229,0.8727533583999455
CD8.T.cells,384,0.05,1e-6,0.9895613789392775,0.8740705911028116
CD8.T.cells,512,0.05,1e-6,0.9903070039611297,0.8746149046909147
CD8.T.cells,768,0.05,1e-6,0.9905437228548544,0.8746744778266896
CD8.T.cells,256,5e-5,1e-6,0.9953408406005879,0.8793904828759346
CD8.T.cells,384,5e-5,1e-6,0.9949921441140961,0.8785257587912234
CD8.T.cells,512,5e-5,1e-6,0.9945769814693818,0.8775829877183038
CD8.T.cells,768,5e-5,1e-6,0.9940275025983162,0.8766330286373464
CD8.T.cells,256,5e-4,1e-6,0.9953270490269015,0.8794889384327589
CD8.T.cells,384,5e-4,1e-6,0.9950557624921824,0.8787790856913218
CD8.T.cells,512,5e-4,1e-6,0.9947249988567204,0.878063952786971
CD8.T.cells,768,5e-4,1e-6,0.9941394453465221,0.8771120455543024
CD8.T.cells,256,5e-6,1e-6,0.9953265778188525,0.8792339589625883
CD8.T.cells,384,5e-6,1e-6,0.9949983861924542,0.8784887439087111
CD8.T.cells,512,5e-6,1e-6,0.9945696776497616,0.8775727498451733
CD8.T.cells,768,5e-6,1e-6,0.9939986883714764,0.8764858155456265
CD8.T.cells,256,0.005,1e-5,0.9938002103278112,0.8747739276126629
CD8.T.cells,384,0.005,1e-5,0.9932772926098219,0.8731954679186215
CD8.T.cells,512,0.005,1e-5,0.9927045710293141,0.8719242787737844
CD8.T.cells,768,0.005,1e-5,0.9919019970209485,0.87061137231127
CD8.T.cells,256,0.05,1e-5,0.9904489590160929,0.8741620601845336
CD8.T.cells,384,0.05,1e-5,0.9904012890265311,0.8740708463778635
CD8.T.cells,512,0.05,1e-5,0.9904012890265311,0.8740708463778635
CD8.T.cells,768,0.05,1e-5,0.9904012890265311,0.8740708463778635
CD8.T.cells,256,5e-5,1e-5,0.9906080950417017,0.8696695417253834
CD8.T.cells,384,5e-5,1e-5,0.9886517520060933,0.8661823904689621
CD8.T.cells,512,5e-5,1e-5,0.9874100136091428,0.8639308913830603
CD8.T.cells,768,5e-5,1e-5,0.9848009787164659,0.8595272758195849
CD8.T.cells,256,5e-4,1e-5,0.9906429107275857,0.869657449749245
CD8.T.cells,384,5e-4,1e-5,0.9889708732693965,0.8666829042323864
CD8.T.cells,512,5e-4,1e-5,0.9879668379006827,0.8651584956716832
CD8.T.cells,768,5e-4,1e-5,0.985722165417159,0.8612199106394305
CD8.T.cells,256,5e-6,1e-5,0.9906178364543788,0.8697670971017616
CD8.T.cells,384,5e-6,1e-5,0.9885372587826498,0.8659646945918847
CD8.T.cells,512,5e-6,1e-5,0.9873128112688999,0.8639472961640213
CD8.T.cells,768,5e-6,1e-5,0.9850002276452675,0.8598136944277152
CD8.T.cells,256,0.005,1e-4,0.993266336309496,0.8735063794961964
CD8.T.cells,384,0.005,1e-4,0.993266336309496,0.8735063794961964
CD8.T.cells,512,0.005,1e-4,0.993266336309496,0.8735063794961964
CD8.T.cells,768,0.005,1e-4,0.993266336309496,0.8735063794961964
CD8.T.cells,256,0.05,1e-4,0.9911431740057962,0.8740502497118411
CD8.T.cells,384,0.05,1e-4,0.9911431740057962,0.8740502497118411
CD8.T.cells,512,0.05,1e-4,0.9911431740057962,0.8740502497118411
CD8.T.cells,768,0.05,1e-4,0.9911431740057962,0.8740502497118411
CD8.T.cells,256,5e-5,1e-4,0.9806321771045315,0.8524141171140872
CD8.T.cells,384,5e-5,1e-4,0.9787549039622597,0.8498122597373414
CD8.T.cells,512,5e-5,1e-4,0.977785455797299,0.8483409886940019
CD8.T.cells,768,5e-5,1e-4,0.977122054755454,0.8475733228710944
CD8.T.cells,256,5e-4,1e-4,0.9822882158271286,0.8548097659910872
CD8.T.cells,384,5e-4,1e-4,0.9816778921816226,0.8541754746649857
CD8.T.cells,512,5e-4,1e-4,0.9810334074255787,0.8534969401417469
CD8.T.cells,768,5e-4,1e-4,0.9805133693692655,0.8531381846452513
CD8.T.cells,256,5e-6,1e-4,0.9805698918902532,0.8521486848023214
CD8.T.cells,384,5e-6,1e-4,0.9789827692284004,0.8500799357824572
CD8.T.cells,512,5e-6,1e-4,0.9776749501320326,0.8482026967935662
CD8.T.cells,768,5e-6,1e-4,0.9770260212247099,0.8474424608182195
CD8.T.cells,256,0.005,0.001,0.9941229891446551,0.8753268533748824
CD8.T.cells,384,0.005,0.001,0.9941229891446551,0.8753268533748824
CD8.T.cells,512,0.005,0.001,0.9941229891446551,0.8753268533748824
CD8.T.cells,768,0.005,0.001,0.9941229891446551,0.8753268533748824
CD8.T.cells,256,0.05,0.001,0.9900451281041978,0.8682575482361796
CD8.T.cells,384,0.05,0.001,0.9900451281041978,0.8682575482361796
CD8.T.cells,512,0.05,0.001,0.9900451281041978,0.8682575482361796
CD8.T.cells,768,0.05,0.001,0.9900451281041978,0.8682575482361796
CD8.T.cells,256,5e-5,0.001,0.9903175437205453,0.8688336771570556
CD8.T.cells,384,5e-5,0.001,0.9903175437205453,0.8688336771570556
CD8.T.cells,512,5e-5,0.001,0.9903175437205453,0.8688336771570556
CD8.T.cells,768,5e-5,0.001,0.9903175437205453,0.8688336771570556
CD8.T.cells,256,5e-4,0.001,0.9911440456090789,0.8703188539729544
CD8.T.cells,384,5e-4,0.001,0.9911440456090789,0.8703188539729544
CD8.T.cells,512,5e-4,0.001,0.9911440456090789,0.8703188539729544
CD8.T.cells,768,5e-4,0.001,0.9911440456090789,0.8703188539729544
CD8.T.cells,256,5e-6,0.001,0.9901545175079088,0.8684708775663181
CD8.T.cells,384,5e-6,0.001,0.9901545175079088,0.8684708775663181
CD8.T.cells,512,5e-6,0.001,0.9901545175079088,0.8684708775663181
CD8.T.cells,768,5e-6,0.001,0.9901545175079088,0.8684708775663181
monocytic.lineage,256,0.005,1e-8,0.9803607854269679,0.8573237063386264
monocytic.lineage,384,0.005,1e-8,0.9842556285486442,0.8654867089519921
monocytic.lineage,512,0.005,1e-8,0.9853704635962961,0.8677071965413171
monocytic.lineage,768,0.005,1e-8,0.9866435177061723,0.8699164096060914
monocytic.lineage,256,0.05,1e-8,0.9739081334974168,0.8439289507400514
monocytic.lineage,384,0.05,1e-8,0.9761258442177199,0.8482165590282311
monocytic.lineage,512,0.05,1e-8,0.9781262478686983,0.8519511552228601
monocytic.lineage,768,0.05,1e-8,0.9800852223094402,0.8556092781187176
monocytic.lineage,256,5e-5,1e-8,0.9804243594732434,0.8575228384589294
monocytic.lineage,384,5e-5,1e-8,0.9844451310017368,0.865932486307302
monocytic.lineage,512,5e-5,1e-8,0.9855819849945655,0.8683278090829575
monocytic.lineage,768,5e-5,1e-8,0.9868006086286769,0.8701181902389663
monocytic.lineage,256,5e-4,1e-8,0.9803860981523698,0.8573689311918387
monocytic.lineage,384,5e-4,1e-8,0.9844721262206398,0.8660126288300397
monocytic.lineage,512,5e-4,1e-8,0.9855501297103043,0.8682527434319256
monocytic.lineage,768,5e-4,1e-8,0.9868234647593775,0.8702080061703422
monocytic.lineage,256,5e-6,1e-8,0.9804424664876332,0.8575531395775737
monocytic.lineage,384,5e-6,1e-8,0.9844613634855354,0.8659444279634828
monocytic.lineage,512,5e-6,1e-8,0.9855625378306275,0.868251162329962
monocytic.lineage,768,5e-6,1e-8,0.9868097052877982,0.8701214324986892
monocytic.lineage,256,0.005,1e-7,0.9910328484706934,0.876220383218699
monocytic.lineage,384,0.005,1e-7,0.9924205909042854,0.87834296924129
monocytic.lineage,512,0.005,1e-7,0.9932432419894944,0.8796348829858346
monocytic.lineage,768,0.005,1e-7,0.994220578296452,0.8812991762637326
monocytic.lineage,256,0.05,1e-7,0.9840342053217349,0.8621794505944138
monocytic.lineage,384,0.05,1e-7,0.9850286294489755,0.8635375771532573
monocytic.lineage,512,0.05,1e-7,0.9859344586321918,0.8647958808062716
monocytic.lineage,768,0.05,1e-7,0.9871246407342568,0.8666189047129468
monocytic.lineage,256,5e-5,1e-7,0.9913041121715169,0.8770209211610086
monocytic.lineage,384,5e-5,1e-7,0.9928049725839021,0.8791665966093211
monocytic.lineage,512,5e-5,1e-7,0.9935642160858796,0.8804881043129822
monocytic.lineage,768,5e-5,1e-7,0.994419896824106,0.8819904914155433
monocytic.lineage,256,5e-4,1e-7,0.9913283627481085,0.8770822305578254
monocytic.lineage,384,5e-4,1e-7,0.9928245275184747,0.8791829480055777
monocytic.lineage,512,5e-4,1e-7,0.9935614884416499,0.8805186122424318
monocytic.lineage,768,5e-4,1e-7,0.9943833316419527,0.8819904847442269
monocytic.lineage,256,5e-6,1e-7,0.9913025277557923,0.8770210679299673
monocytic.lineage,384,5e-6,1e-7,0.9927973331594876,0.8791183763350893
monocytic.lineage,512,5e-6,1e-7,0.9935721162693218,0.8804746616106333
monocytic.lineage,768,5e-6,1e-7,0.9944040538506269,0.8819555270468038
monocytic.lineage,256,0.005,1e-6,0.9952278961130655,0.8828420248996663
monocytic.lineage,384,0.005,1e-6,0.9953133196508097,0.8829586995504747
monocytic.lineage,512,0.005,1e-6,0.9955086389238348,0.8834004340881056
monocytic.lineage,768,0.005,1e-6,0.9955169716897393,0.8835783714365166
monocytic.lineage,256,0.05,1e-6,0.9900010148196656,0.8719153427810219
monocytic.lineage,384,0.05,1e-6,0.9907105203496238,0.8728007331953784
monocytic.lineage,512,0.05,1e-6,0.9910481292416881,0.8734793795175313
monocytic.lineage,768,0.05,1e-6,0.9911106188175784,0.8723427006320215
monocytic.lineage,256,5e-5,1e-6,0.9955339315872839,0.8840839838277403
monocytic.lineage,384,5e-5,1e-6,0.9955833620058883,0.8846457753735448
monocytic.lineage,512,5e-5,1e-6,0.9955382154765974,0.8846144135156084
monocytic.lineage,768,5e-5,1e-6,0.9956228503406116,0.884867056263971
monocytic.lineage,256,5e-4,1e-6,0.9954884682597963,0.8839185018268655
monocytic.lineage,384,5e-4,1e-6,0.995551829162384,0.8845946397340887
monocytic.lineage,512,5e-4,1e-6,0.9956256131000467,0.8848538537290089
monocytic.lineage,768,5e-4,1e-6,0.9956765647394507,0.8848343401288251
monocytic.lineage,256,5e-6,1e-6,0.9955417777233544,0.8841028169536613
monocytic.lineage,384,5e-6,1e-6,0.9955908625729841,0.8846782513413036
monocytic.lineage,512,5e-6,1e-6,0.9955509396361786,0.8846310651210986
monocytic.lineage,768,5e-6,1e-6,0.995625798246443,0.8848857226069843
monocytic.lineage,256,0.005,1e-5,0.9954600985583852,0.8839514714720308
monocytic.lineage,384,0.005,1e-5,0.9955581688240794,0.883570632709606
monocytic.lineage,512,0.005,1e-5,0.9955226687724466,0.8830093948830549
monocytic.lineage,768,0.005,1e-5,0.9955055442956946,0.8824582307441199
monocytic.lineage,256,0.05,1e-5,0.9912911059914614,0.8720876762237391
monocytic.lineage,384,0.05,1e-5,0.9912911059914614,0.8720876762237391
monocytic.lineage,512,0.05,1e-5,0.9912911059914614,0.8720876762237391
monocytic.lineage,768,0.05,1e-5,0.9912911059914614,0.8720876762237391
monocytic.lineage,256,5e-5,1e-5,0.9952425942316567,0.8831434549841466
monocytic.lineage,384,5e-5,1e-5,0.9945053822817247,0.8811298449133514
monocytic.lineage,512,5e-5,1e-5,0.9938062940867182,0.8794850719069532
monocytic.lineage,768,5e-5,1e-5,0.9932150437187655,0.8778453757722613
monocytic.lineage,256,5e-4,1e-5,0.9952705212610361,0.8834965410707544
monocytic.lineage,384,5e-4,1e-5,0.9946625317746298,0.8817232584984279
monocytic.lineage,512,5e-4,1e-5,0.9939717466395824,0.8799433513090136
monocytic.lineage,768,5e-4,1e-5,0.9930258651833033,0.877779089573483
monocytic.lineage,256,5e-6,1e-5,0.9952708554916887,0.8831453563092927
monocytic.lineage,384,5e-6,1e-5,0.9944703979170393,0.8810123430193215
monocytic.lineage,512,5e-6,1e-5,0.9937684964717329,0.8794501475661115
monocytic.lineage,768,5e-6,1e-5,0.9932631735223051,0.8778959310071991
monocytic.lineage,256,0.005,1e-4,0.9958810478050079,0.883287421989947
monocytic.lineage,384,0.005,1e-4,0.9958810478050079,0.883287421989947
monocytic.lineage,512,0.005,1e-4,0.9958810478050079,0.883287421989947
monocytic.lineage,768,0.005,1e-4,0.9958810478050079,0.883287421989947
monocytic.lineage,256,0.05,1e-4,0.9913093431501836,0.8700791230107009
monocytic.lineage,384,0.05,1e-4,0.9913093431501836,0.8700791230107009
monocytic.lineage,512,0.05,1e-4,0.9913093431501836,0.8700791230107009
monocytic.lineage,768,0.05,1e-4,0.9913093431501836,0.8700791230107009
monocytic.lineage,256,5e-5,1e-4,0.9902584013747827,0.870595823129619
monocytic.lineage,384,5e-5,1e-4,0.9887995079736667,0.8676479419099213
monocytic.lineage,512,5e-5,1e-4,0.9877334396209777,0.8654273876074333
monocytic.lineage,768,5e-5,1e-4,0.9862977226429431,0.8627192601530025
monocytic.lineage,256,5e-4,1e-4,0.9915506380691993,0.8739564586889309
monocytic.lineage,384,5e-4,1e-4,0.9907059253110561,0.8718988779723882
monocytic.lineage,512,5e-4,1e-4,0.9901160823944402,0.8703147338885441
monocytic.lineage,768,5e-4,1e-4,0.9893969729339387,0.8685363877871443
monocytic.lineage,256,5e-6,1e-4,0.9901935836097464,0.8702889492510363
monocytic.lineage,384,5e-6,1e-4,0.9887559440738763,0.8673963132016368
monocytic.lineage,512,5e-6,1e-4,0.9877920596532273,0.8654811517455124
monocytic.lineage,768,5e-6,1e-4,0.9864578482556264,0.8630513115793096
monocytic.lineage,256,0.005,0.001,0.995540744455713,0.88251982033622145
monocytic.lineage,384,0.005,0.001,0.995540744455713,0.88251982033622145
monocytic.lineage,512,0.005,0.001,0.995540744455713,0.88251982033622145
monocytic.lineage,768,0.005,0.001,0.995540744455713,0.88251982033622145
monocytic.lineage,256,0.05,0.001,0.991091467332036,0.8679857773674624
monocytic.lineage,384,0.05,0.001,0.991091467332036,0.8679857773674624
monocytic.lineage,512,0.05,0.001,0.991091467332036,0.8679857773674624
monocytic.lineage,768,0.05,0.001,0.991091467332036,0.8679857773674624
monocytic.lineage,256,5e-5,0.001,0.9932932266472233,0.877891207715257
monocytic.lineage,384,5e-5,0.001,0.9932932266472233,0.877891207715257
monocytic.lineage,512,5e-5,0.001,0.9932932266472233,0.877891207715257
monocytic.lineage,768,5e-5,0.001,0.9932932266472233,0.877891207715257
monocytic.lineage,256,5e-4,0.001,0.9942100763342612,0.8804882310679918
monocytic.lineage,384,5e-4,0.001,0.9942100763342612,0.8804882310679918
monocytic.lineage,512,5e-4,0.001,0.9942100763342612,0.8804882310679918
monocytic.lineage,768,5e-4,0.001,0.9942100763342612,0.8804882310679918
monocytic.lineage,256,5e-6,0.001,0.9932043496486815,0.8776622081118693
monocytic.lineage,384,5e-6,0.001,0.9932043496486815,0.8776622081118693
monocytic.lineage,512,5e-6,0.001,0.9932043496486815,0.8776622081118693
monocytic.lineage,768,5e-6,0.001,0.9932043496486815,0.8776622081118693
neutrophils,256,0.005,1e-8,0.9940323369950504,0.8642934693224347
neutrophils,384,0.005,1e-8,0.9966178538706003,0.870222319336886
neutrophils,512,0.005,1e-8,0.9976030152635792,0.8723859594341867
neutrophils,768,0.005,1e-8,0.9981243386092725,0.8739759020743111
neutrophils,256,0.05,1e-8,0.9849863822043653,0.8450304832716599
neutrophils,384,0.05,1e-8,0.9872808327510694,0.8493425752941374
neutrophils,512,0.05,1e-8,0.9891335967025514,0.8530563396620151
neutrophils,768,0.05,1e-8,0.9913241382710222,0.8577052017496981
neutrophils,256,5e-5,1e-8,0.9945230945083782,0.8654076552849498
neutrophils,384,5e-5,1e-8,0.9972747469725612,0.8718217849339548
neutrophils,512,5e-5,1e-8,0.9981071550284305,0.8740287774159863
neutrophils,768,5e-5,1e-8,0.9984861681392392,0.8750242231660609
neutrophils,256,5e-4,1e-8,0.9945343826456476,0.8654985819885807
neutrophils,384,5e-4,1e-8,0.997295269945334,0.8718586492984443
neutrophils,512,5e-4,1e-8,0.9980924616857576,0.8738931899326905
neutrophils,768,5e-4,1e-8,0.9984739965042931,0.8749195380827083
neutrophils,256,5e-6,1e-8,0.9945624449171757,0.865532843051809
neutrophils,384,5e-6,1e-8,0.9972737016364305,0.871804425096012
neutrophils,512,5e-6,1e-8,0.9981154814760704,0.8740625394007345
neutrophils,768,5e-6,1e-8,0.99848759370342,0.875025221323021
neutrophils,256,0.005,1e-7,0.9986584933480669,0.8758204421823231
neutrophils,384,0.005,1e-7,0.9987517947890593,0.8766511785453577
neutrophils,512,0.005,1e-7,0.9988163876789161,0.8771149033850143
neutrophils,768,0.005,1e-7,0.9989367707886586,0.8781405905932611
neutrophils,256,0.05,1e-7,0.9939582025042926,0.863973114892642
neutrophils,384,0.05,1e-7,0.994255167333276,0.8648332429315722
neutrophils,512,0.05,1e-7,0.9945710061989762,0.8653908080140946
neutrophils,768,0.05,1e-7,0.9949110705559542,0.8659246466359011
neutrophils,256,5e-5,1e-7,0.9989875508476731,0.877970930887243
neutrophils,384,5e-5,1e-7,0.9991255693499914,0.8795597944387616
neutrophils,512,5e-5,1e-7,0.9991981000586805,0.8803792273486523
neutrophils,768,5e-5,1e-7,0.9992921899441511,0.8815717416553277
neutrophils,256,5e-4,1e-7,0.9989706366045028,0.8778673383811038
neutrophils,384,5e-4,1e-7,0.9991070559531837,0.8792963889101304
neutrophils,512,5e-4,1e-7,0.9991875752577477,0.8802499525336993
neutrophils,768,5e-4,1e-7,0.9992771437895287,0.8815393689971592
neutrophils,256,5e-6,1e-7,0.9989855605054568,0.8779651442745954
neutrophils,384,5e-6,1e-7,0.9991239024866483,0.8795501096185262
neutrophils,512,5e-6,1e-7,0.9991953603452572,0.8803624070550122
neutrophils,768,5e-6,1e-7,0.9992821443473131,0.8814801000554957
neutrophils,256,0.005,1e-6,0.999168015777121,0.8807049637328656
neutrophils,384,0.005,1e-6,0.9992443466142039,0.8817636710524444
neutrophils,512,0.005,1e-6,0.9992699897592662,0.8821624617352578
neutrophils,768,0.005,1e-6,0.9992973514816579,0.8821802262314278
neutrophils,256,0.05,1e-6,0.9957372377567342,0.8676906830478546
neutrophils,384,0.05,1e-6,0.9959679524409407,0.8682086320899434
neutrophils,512,0.05,1e-6,0.9960604761529747,0.8684008582364265
neutrophils,768,0.05,1e-6,0.9960604761529747,0.8684008582364265
neutrophils,256,5e-5,1e-6,0.9993990411540031,0.8836539510287271
neutrophils,384,5e-5,1e-6,0.9993952759372661,0.8840626828153197
neutrophils,512,5e-5,1e-6,0.9993797086535519,0.8841944665112809
neutrophils,768,5e-5,1e-6,0.999393374231458,0.8842136338226381
neutrophils,256,5e-4,1e-6,0.9994247623520716,0.8837788825120424
neutrophils,384,5e-4,1e-6,0.9994225081941136,0.8840715178532783
neutrophils,512,5e-4,1e-6,0.999401542297226,0.8841381380860677
neutrophils,768,5e-4,1e-6,0.9993865779622182,0.8841110799392818
neutrophils,256,5e-6,1e-6,0.9994044958501148,0.8837067319501494
neutrophils,384,5e-6,1e-6,0.9993852348228633,0.883983680040781
neutrophils,512,5e-6,1e-6,0.9993924922787067,0.8842694092149409
neutrophils,768,5e-6,1e-6,0.9993658170090997,0.8840873804557808
neutrophils,256,0.005,1e-5,0.9992885548591804,0.881737476176543
neutrophils,384,0.005,1e-5,0.9992885548591804,0.881737476176543
neutrophils,512,0.005,1e-5,0.9992885548591804,0.881737476176543
neutrophils,768,0.005,1e-5,0.9992885548591804,0.881737476176543
neutrophils,256,0.05,1e-5,0.9960940638574856,0.8681437114217079
neutrophils,384,0.05,1e-5,0.9960940638574856,0.8681437114217079
neutrophils,512,0.05,1e-5,0.9960940638574856,0.8681437114217079
neutrophils,768,0.05,1e-5,0.9960940638574856,0.8681437114217079
neutrophils,256,5e-5,1e-5,0.9989800810227348,0.8831736891561894
neutrophils,384,5e-5,1e-5,0.9987602407441425,0.8826757032533046
neutrophils,512,5e-5,1e-5,0.9986916012788274,0.8823148425349786
neutrophils,768,5e-5,1e-5,0.9983658326801479,0.8814437617467015
neutrophils,256,5e-4,1e-5,0.9992000695087446,0.8838098253778084
neutrophils,384,5e-4,1e-5,0.9990624769516913,0.8834742018442463
neutrophils,512,5e-4,1e-5,0.9989555036980943,0.8830911388778597
neutrophils,768,5e-4,1e-5,0.9987276522106096,0.882798058412574
neutrophils,256,5e-6,1e-5,0.9989929337693926,0.8833372250343707
neutrophils,384,5e-6,1e-5,0.9987765723722634,0.8825671199623644
neutrophils,512,5e-6,1e-5,0.9986661706423137,0.882454962190418
neutrophils,768,5e-6,1e-5,0.9983718272742245,0.8808741513376188
neutrophils,256,0.005,1e-4,0.9992527224991544,0.880876903013563
neutrophils,384,0.005,1e-4,0.9992527224991544,0.880876903013563
neutrophils,512,0.005,1e-4,0.9992527224991544,0.880876903013563
neutrophils,768,0.005,1e-4,0.9992527224991544,0.880876903013563
neutrophils,256,0.05,1e-4,0.9961066930152563,0.8662106995366426
neutrophils,384,0.05,1e-4,0.9961066930152563,0.8662106995366426
neutrophils,512,0.05,1e-4,0.9961066930152563,0.8662106995366426
neutrophils,768,0.05,1e-4,0.9961066930152563,0.8662106995366426
neutrophils,256,5e-5,1e-4,0.9982619924695377,0.8801779638350972
neutrophils,384,5e-5,1e-4,0.9981305497533872,0.8794703245047483
neutrophils,512,5e-5,1e-4,0.9980267599100853,0.8789789345309653
neutrophils,768,5e-5,1e-4,0.9981281554143004,0.8784484410838362
neutrophils,256,5e-4,1e-4,0.9989190648241534,0.8826019205698955
neutrophils,384,5e-4,1e-4,0.998912951083546,0.8825469949598695
neutrophils,512,5e-4,1e-4,0.998912951083546,0.8825469949598695
neutrophils,768,5e-4,1e-4,0.998912951083546,0.8825469949598695
neutrophils,256,5e-6,1e-4,0.9982565181432607,0.8800845147618507
neutrophils,384,5e-6,1e-4,0.9981549257175447,0.8793189823278105
neutrophils,512,5e-6,1e-4,0.9981027420169905,0.8787284241111712
neutrophils,768,5e-6,1e-4,0.9980924038081875,0.8779425238797001
neutrophils,256,0.005,0.001,0.998157588318849,0.8756277304459674
neutrophils,384,0.005,0.001,0.998157588318849,0.8756277304459674
neutrophils,512,0.005,0.001,0.998157588318849,0.8756277304459674
neutrophils,768,0.005,0.001,0.998157588318849,0.8756277304459674
neutrophils,256,0.05,0.001,0.9910488118334059,0.8305038868830913
neutrophils,384,0.05,0.001,0.9910488118334059,0.8305038868830913
neutrophils,512,0.05,0.001,0.9910488118334059,0.8305038868830913
neutrophils,768,0.05,0.001,0.9910488118334059,0.8305038868830913
neutrophils,256,5e-5,0.001,0.998532745278058,0.8823160295324447
neutrophils,384,5e-5,0.001,0.998532745278058,0.8823160295324447
neutrophils,512,5e-5,0.001,0.998532745278058,0.8823160295324447
neutrophils,768,5e-5,0.001,0.998532745278058,0.8823160295324447
neutrophils,256,5e-4,0.001,0.9986684546844131,0.8820293291785397
neutrophils,384,5e-4,0.001,0.9986684546844131,0.8820293291785397
neutrophils,512,5e-4,0.001,0.9986684546844131,0.8820293291785397
neutrophils,768,5e-4,0.001,0.9986684546844131,0.8820293291785397
neutrophils,256,5e-6,0.001,0.9985117334560548,0.8822737562363198
neutrophils,384,5e-6,0.001,0.9985117334560548,0.8822737562363198
neutrophils,512,5e-6,0.001,0.9985117334560548,0.8822737562363198
neutrophils,768,5e-6,0.001,0.9985117334560548,0.8822737562363198
NK.cells,256,0.005,1e-8,0.962238395382054,0.8291720193913781
NK.cells,384,0.005,1e-8,0.977184768290968,0.8513697336176129
NK.cells,512,0.005,1e-8,0.9846896590404369,0.8636939092780624
NK.cells,768,0.005,1e-8,0.9905693970608276,0.8748313589966545
NK.cells,256,0.05,1e-8,0.9500687803953617,0.8084352074402111
NK.cells,384,0.05,1e-8,0.9628189874733709,0.8254782763204721
NK.cells,512,0.05,1e-8,0.9707472453047487,0.8382441997202665
NK.cells,768,0.05,1e-8,0.978910542965154,0.8506398109182697
NK.cells,256,5e-5,1e-8,0.9621792824041272,0.8294753562068858
NK.cells,384,5e-5,1e-8,0.9768516466783937,0.8510003453517776
NK.cells,512,5e-5,1e-8,0.9847911744790986,0.86406126355539
NK.cells,768,5e-5,1e-8,0.9908508178088119,0.8754731488410219
NK.cells,256,5e-4,1e-8,0.9622246030625209,0.8294001385142314
NK.cells,384,5e-4,1e-8,0.9769538805465474,0.8512040765536032
NK.cells,512,5e-4,1e-8,0.984872080021158,0.8641963376745515
NK.cells,768,5e-4,1e-8,0.9907954073088117,0.8753744738103173
NK.cells,256,5e-6,1e-8,0.9623918457203404,0.8297107671120686
NK.cells,384,5e-6,1e-8,0.9768945038333454,0.8510265013804623
NK.cells,512,5e-6,1e-8,0.9848159917561008,0.8640786721040876
NK.cells,768,5e-6,1e-8,0.9908809273242877,0.8755329122092311
NK.cells,256,0.005,1e-7,0.9942977552402704,0.8823445602516844
NK.cells,384,0.005,1e-7,0.9947701385072936,0.8833952283152329
NK.cells,512,0.005,1e-7,0.9949566606192652,0.8840248142285546
NK.cells,768,0.005,1e-7,0.9952096105925122,0.884848665985418
NK.cells,256,0.05,1e-7,0.9891650029550716,0.8682875127940172
NK.cells,384,0.05,1e-7,0.9910129477268417,0.8718094901883693
NK.cells,512,0.05,1e-7,0.9919537165267085,0.8738294003049486
NK.cells,768,0.05,1e-7,0.9925672426613615,0.8756887915049576
NK.cells,256,5e-5,1e-7,0.994545151915859,0.8825365062848041
NK.cells,384,5e-5,1e-7,0.994852729395938,0.8834659060923621
NK.cells,512,5e-5,1e-7,0.9950394693024889,0.8840893235699483
NK.cells,768,5e-5,1e-7,0.9950926703945194,0.8848072550429263
NK.cells,256,5e-4,1e-7,0.994564285857361,0.8826710220541789
NK.cells,384,5e-4,1e-7,0.9948448236604355,0.8834475536666446
NK.cells,512,5e-4,1e-7,0.9950231541195896,0.8840898686256922
NK.cells,768,5e-4,1e-7,0.9951450661713984,0.8849135010308539
NK.cells,256,5e-6,1e-7,0.9945567095985411,0.8825516947283985
NK.cells,384,5e-6,1e-7,0.9948537128684546,0.8834467094949436
NK.cells,512,5e-6,1e-7,0.9950564526022309,0.8840927201978156
NK.cells,768,5e-6,1e-7,0.9951021134353445,0.8848434480737238
NK.cells,256,0.005,1e-6,0.9952537466600204,0.8869086044640659
NK.cells,384,0.005,1e-6,0.9951494243330847,0.8875219849395393
NK.cells,512,0.005,1e-6,0.9951490220326253,0.887957444596766
NK.cells,768,0.005,1e-6,0.9948251675743858,0.8879859337299152
NK.cells,256,0.05,1e-6,0.9938564955939388,0.8783221552142444
NK.cells,384,0.05,1e-6,0.9946870392171975,0.8807875021669718
NK.cells,512,0.05,1e-6,0.9947938978953574,0.8812339094682248
NK.cells,768,0.05,1e-6,0.9949449486555721,0.8816339272080571
NK.cells,256,5e-5,1e-6,0.9952278787448157,0.8870205868313465
NK.cells,384,5e-5,1e-6,0.9950787691544138,0.8867016162218195
NK.cells,512,5e-5,1e-6,0.9947910862290631,0.8862765392118116
NK.cells,768,5e-5,1e-6,0.9942366435566515,0.8852983170330493
NK.cells,256,5e-4,1e-6,0.9952297121627097,0.8869506335795354
NK.cells,384,5e-4,1e-6,0.9949835656867013,0.8866511719774264
NK.cells,512,5e-4,1e-6,0.9946972718459848,0.886458288714308
NK.cells,768,5e-4,1e-6,0.9942498372721819,0.8858426349575613
NK.cells,256,5e-6,1e-6,0.9952394670000979,0.8870075653166851
NK.cells,384,5e-6,1e-6,0.9950519881533539,0.8866472435878576
NK.cells,512,5e-6,1e-6,0.9947852251675605,0.8862116177550994
NK.cells,768,5e-6,1e-6,0.9941623697808135,0.8852313682348507
NK.cells,256,0.005,1e-5,0.9945293632566392,0.8861750591381323
NK.cells,384,0.005,1e-5,0.9946706681232425,0.8861356290079779
NK.cells,512,0.005,1e-5,0.9946563779388017,0.886013922048584
NK.cells,768,0.005,1e-5,0.9945252802228189,0.8858406740862877
NK.cells,256,0.05,1e-5,0.994937794556919,0.8810001470243162
NK.cells,384,0.05,1e-5,0.994937794556919,0.8810001470243162
NK.cells,512,0.05,1e-5,0.994937794556919,0.8810001470243162
NK.cells,768,0.05,1e-5,0.994937794556919,0.8810001470243162
NK.cells,256,5e-5,1e-5,0.9925644629377623,0.8829377005474007
NK.cells,384,5e-5,1e-5,0.9919368967830756,0.8819747199884029
NK.cells,512,5e-5,1e-5,0.9915408128929369,0.8813520868593262
NK.cells,768,5e-5,1e-5,0.990563357055078,0.8804865715731627
NK.cells,256,5e-4,1e-5,0.992767516194493,0.8837065349092392
NK.cells,384,5e-4,1e-5,0.9922204537183373,0.8825343526499136
NK.cells,512,5e-4,1e-5,0.9914678251038542,0.8817114248290062
NK.cells,768,5e-4,1e-5,0.9907404196764326,0.8803038183704549
NK.cells,256,5e-6,1e-5,0.9925887042493583,0.882839803218184
NK.cells,384,5e-6,1e-5,0.9919320884562726,0.8819056707314841
NK.cells,512,5e-6,1e-5,0.9915679579686216,0.8812957732951543
NK.cells,768,5e-6,1e-5,0.9903339990282518,0.8804307033594158
NK.cells,256,0.005,1e-4,0.9942747613430742,0.8860379111483356
NK.cells,384,0.005,1e-4,0.9942747613430742,0.8860379111483356
NK.cells,512,0.005,1e-4,0.9942747613430742,0.8860379111483356
NK.cells,768,0.005,1e-4,0.9942747613430742,0.8860379111483356
NK.cells,256,0.05,1e-4,0.9937445576899926,0.8753750786892526
NK.cells,384,0.05,1e-4,0.9937445576899926,0.8753750786892526
NK.cells,512,0.05,1e-4,0.9937445576899926,0.8753750786892526
NK.cells,768,0.05,1e-4,0.9937445576899926,0.8753750786892526
NK.cells,256,5e-5,1e-4,0.9875218154967325,0.8778026506201211
NK.cells,384,5e-5,1e-4,0.9855839933678995,0.8768977583799734
NK.cells,512,5e-5,1e-4,0.9837918336598274,0.8761168862626207
NK.cells,768,5e-5,1e-4,0.9820357466005204,0.8746481870316068
NK.cells,256,5e-4,1e-4,0.9892139677959658,0.8794898640282577
NK.cells,384,5e-4,1e-4,0.9888738061408052,0.8791601917144912
NK.cells,512,5e-4,1e-4,0.9886469024181842,0.8789055908589112
NK.cells,768,5e-4,1e-4,0.9884453283914875,0.8785563031853867
NK.cells,256,5e-6,1e-4,0.9873842349999497,0.8777122511308935
NK.cells,384,5e-6,1e-4,0.98543260673547906,0.8766264070308013
NK.cells,512,5e-6,1e-4,0.9832650483011985,0.8757232828983107
NK.cells,768,5e-6,1e-4,0.9809838640065651,0.8744133610642957
NK.cells,256,0.005,0.001,0.9939368584302231,0.883218876194005
NK.cells,384,0.005,0.001,0.9939368584302231,0.883218876194005
NK.cells,512,0.005,0.001,0.9939368584302231,0.883218876194005
NK.cells,768,0.005,0.001,0.9939368584302231,0.883218876194005
NK.cells,256,0.05,0.001,0.9897322474614416,0.8582346974176466
NK.cells,384,0.05,0.001,0.9897322474614416,0.8582346974176466
NK.cells,512,0.05,0.001,0.9897322474614416,0.8582346974176466
NK.cells,768,0.05,0.001,0.9897322474614416,0.8582346974176466
NK.cells,256,5e-5,0.001,0.9917060715410368,0.8823393356929686
NK.cells,384,5e-5,0.001,0.9917060715410368,0.8823393356929686
NK.cells,512,5e-5,0.001,0.9917060715410368,0.8823393356929686
NK.cells,768,5e-5,0.001,0.9917060715410368,0.8823393356929686
NK.cells,256,5e-4,0.001,0.9926212993857676,0.8829717798254353
NK.cells,384,5e-4,0.001,0.9926212993857676,0.8829717798254353
NK.cells,512,5e-4,0.001,0.9926212993857676,0.8829717798254353
NK.cells,768,5e-4,0.001,0.9926212993857676,0.8829717798254353
NK.cells,256,5e-6,0.001,0.9915151012446985,0.88215300639281935
NK.cells,384,5e-6,0.001,0.9915151012446985,0.88215300639281935
NK.cells,512,5e-6,0.001,0.9915151012446985,0.88215300639281935
NK.cells,768,5e-6,0.001,0.9915151012446985,0.88215300639281935
cancer,256,0.005,1e-8,0.9846976019459746,0.8623315918611619
cancer,384,0.005,1e-8,0.9889646280981639,0.8709079843832396
cancer,512,0.005,1e-8,0.9904223224885508,0.8741866233833306
cancer,768,0.005,1e-8,0.9914083965112599,0.8764866878624262
cancer,256,0.05,1e-8,0.9738254361010975,0.844384888353364
cancer,384,0.05,1e-8,0.9768359298042735,0.8489255393011426
cancer,512,0.05,1e-8,0.9787809889734108,0.8518061697729823
cancer,768,0.05,1e-8,0.9810129706774449,0.8556033221239091
cancer,256,5e-5,1e-8,0.9852429577381872,0.8633146049395797
cancer,384,5e-5,1e-8,0.989429515973891,0.8721728525627427
cancer,512,5e-5,1e-8,0.990862443127296,0.875338294939026
cancer,768,5e-5,1e-8,0.9917914150859225,0.8776164683456386
cancer,256,5e-4,1e-8,0.9852741495683145,0.8634014384096343
cancer,384,5e-4,1e-8,0.9893796245999269,0.8719976100017962
cancer,512,5e-4,1e-8,0.9908741070786834,0.8753597166776427
cancer,768,5e-4,1e-8,0.9918092923776332,0.8776727884096074
cancer,256,5e-6,1e-8,0.985263251380024,0.8633678206952606
cancer,384,5e-6,1e-8,0.9894312730746008,0.8721723430002591
cancer,512,5e-6,1e-8,0.9908411957324671,0.8752626517293005
cancer,768,5e-6,1e-8,0.9917874867420841,0.8775776611396564
cancer,256,0.005,1e-7,0.9928374391893314,0.8791547302070927
cancer,384,0.005,1e-7,0.9932891655264763,0.8794988055693245
cancer,512,0.005,1e-7,0.9936048763384052,0.8797857495904755
cancer,768,0.005,1e-7,0.9939667718212085,0.8801375890758115
cancer,256,0.05,1e-7,0.9843860337463322,0.860717592923209
cancer,384,0.05,1e-7,0.9851564861069289,0.8620293676702746
cancer,512,0.05,1e-7,0.9855552609148677,0.8627144811341455
cancer,768,0.05,1e-7,0.985884849577002,0.8631185239549648
cancer,256,5e-5,1e-7,0.9931137544432334,0.8800138525543183
cancer,384,5e-5,1e-7,0.9935439628521071,0.8808288575181017
cancer,512,5e-5,1e-7,0.9938229699547086,0.8810760757798463
cancer,768,5e-5,1e-7,0.99421010205969,0.8817528082818169
cancer,256,5e-4,1e-7,0.99313172887069,0.8801115745700735
cancer,384,5e-4,1e-7,0.9935643870540186,0.8807218628061002
cancer,512,5e-4,1e-7,0.9938428535114001,0.8810824989490466
cancer,768,5e-4,1e-7,0.994235736603074,0.8817435154712623
cancer,256,5e-6,1e-7,0.9931215768404218,0.8800378355148916
cancer,384,5e-6,1e-7,0.9935414933266404,0.8807439550216689
cancer,512,5e-6,1e-7,0.9938147687039319,0.8810807624137408
cancer,768,5e-6,1e-7,0.9942089752298034,0.8817555773516288
cancer,256,0.005,1e-6,0.9949387483322089,0.8807975663587515
cancer,384,0.005,1e-6,0.9952392983673964,0.8808345699817328
cancer,512,0.005,1e-6,0.9954651086820049,0.8812857741513564
cancer,768,0.005,1e-6,0.9956707553399063,0.881591042307606
cancer,256,0.05,1e-6,0.9869521585994775,0.8640964682276254
cancer,384,0.05,1e-6,0.9875695406768578,0.8653661705459523
cancer,512,0.05,1e-6,0.9876528299972508,0.8654265000620941
cancer,768,0.05,1e-6,0.9878907512768615,0.8659769281158456
cancer,256,5e-5,1e-6,0.9954315640125532,0.8823456842314001
cancer,384,5e-5,1e-6,0.9957275268179226,0.8823263409713347
cancer,512,5e-5,1e-6,0.9958392530422103,0.8820474560831466
cancer,768,5e-5,1e-6,0.9958388585173682,0.8814161685089831
cancer,256,5e-4,1e-6,0.9954397229261358,0.8824366009060925
cancer,384,5e-4,1e-6,0.9956849740437131,0.8823824397779091
cancer,512,5e-4,1e-6,0.9958058265396169,0.8819673609064597
cancer,768,5e-4,1e-6,0.9957494132172301,0.8812956368673205
cancer,256,5e-6,1e-6,0.9954300928509976,0.882364839757919
cancer,384,5e-6,1e-6,0.9957194630212718,0.8823322813971294
cancer,512,5e-6,1e-6,0.995844199097167,0.882046249224633
cancer,768,5e-6,1e-6,0.9958119762406011,0.881279786792175
cancer,256,0.005,1e-5,0.9956039786751831,0.8813137397450248
cancer,384,0.005,1e-5,0.9953872586144731,0.8809298916899999
cancer,512,0.005,1e-5,0.9953269249653647,0.8806897134362514
cancer,768,0.005,1e-5,0.9952979834814623,0.8803599058235584
cancer,256,0.05,1e-5,0.9883285667962645,0.8648910303491422
cancer,384,0.05,1e-5,0.9883285667962645,0.8648910303491422
cancer,512,0.05,1e-5,0.9883285667962645,0.8648910303491422
cancer,768,0.05,1e-5,0.9883285667962645,0.8648910303491422
cancer,256,5e-5,1e-5,0.994711914684218,0.879390342512798
cancer,384,5e-5,1e-5,0.9943849657244308,0.8790112548441325
cancer,512,5e-5,1e-5,0.9942083863208052,0.8788889330290081
cancer,768,5e-5,1e-5,0.9938392386597941,0.87871329488666
cancer,256,5e-4,1e-5,0.9949467476531961,0.8799502108820336
cancer,384,5e-4,1e-5,0.9945918174058851,0.8796546311177408
cancer,512,5e-4,1e-5,0.9943586422039904,0.8789158660881701
cancer,768,5e-4,1e-5,0.9938081406915038,0.8785211428969838
cancer,256,5e-6,1e-5,0.9946750886211586,0.8792791573198464
cancer,384,5e-6,1e-5,0.9943905413025934,0.8789783076067106
cancer,512,5e-6,1e-5,0.9942410831968914,0.8789246694505499
cancer,768,5e-6,1e-5,0.9938246648122147,0.8785728970129092
cancer,256,0.005,1e-4,0.9957085507995272,0.8810514826852467
cancer,384,0.005,1e-4,0.9957085507995272,0.8810514826852467
cancer,512,0.005,1e-4,0.9957085507995272,0.8810514826852467
cancer,768,0.005,1e-4,0.9957085507995272,0.8810514826852467
cancer,256,0.05,1e-4,0.989028796455831,0.8637389028691193
cancer,384,0.05,1e-4,0.989028796455831,0.8637389028691193
cancer,512,0.05,1e-4,0.989028796455831,0.8637389028691193
cancer,768,0.05,1e-4,0.989028796455831,0.8637389028691193
cancer,256,5e-5,1e-4,0.9928539764682947,0.8756668755788969
cancer,384,5e-5,1e-4,0.9922132569845684,0.8745019822177078
cancer,512,5e-5,1e-4,0.9914481856073553,0.8732900146697182
cancer,768,5e-5,1e-4,0.9902744110352868,0.8710894824941483
cancer,256,5e-4,1e-4,0.9936730163503565,0.877827561309209
cancer,384,5e-4,1e-4,0.9933939901554331,0.8771860221424492
cancer,512,5e-4,1e-4,0.99314203798354594,0.8771221323936923
cancer,768,5e-4,1e-4,0.9928501657613166,0.8768900333872155
cancer,256,5e-6,1e-4,0.9928916826083173,0.8755438832868204
cancer,384,5e-6,1e-4,0.9921820203486565,0.874297071051635
cancer,512,5e-6,1e-4,0.9914635270845641,0.8731090194165235
cancer,768,5e-6,1e-4,0.9899309332692988,0.8708829085452344
cancer,256,0.005,0.001,0.9957379873464468,0.8799904462039237
cancer,384,0.005,0.001,0.9957379873464468,0.8799904462039237
cancer,512,0.005,0.001,0.9957379873464468,0.8799904462039237
cancer,768,0.005,0.001,0.9957379873464468,0.8799904462039237
cancer,256,0.05,0.001,0.9890059645709016,0.8558769504727933
cancer,384,0.05,0.001,0.9890059645709016,0.8558769504727933
cancer,512,0.05,0.001,0.9890059645709016,0.8558769504727933
cancer,768,0.05,0.001,0.9890059645709016,0.8558769504727933
cancer,256,5e-5,0.001,0.9942127172809043,0.8782162770269054
cancer,384,5e-5,0.001,0.9942127172809043,0.8782162770269054
cancer,512,5e-5,0.001,0.9942127172809043,0.8782162770269054
cancer,768,5e-5,0.001,0.9942127172809043,0.8782162770269054
cancer,256,5e-4,0.001,0.9947490030821201,0.8793460575101177
cancer,384,5e-4,0.001,0.9947490030821201,0.8793460575101177
cancer,512,5e-4,0.001,0.9947490030821201,0.8793460575101177
cancer,768,5e-4,0.001,0.9947490030821201,0.8793460575101177
cancer,256,5e-6,0.001,0.9941478014185572,0.8780189757742379
cancer,384,5e-6,0.001,0.9941478014185572,0.8780189757742379
cancer,512,5e-6,0.001,0.9941478014185572,0.8780189757742379
cancer,768,5e-6,0.001,0.9941478014185572,0.8780189757742379
fibroblasts,256,0.005,1e-8,0.9934308948962549,0.8507168716550343
fibroblasts,384,0.005,1e-8,0.9943447523970833,0.8535570431849475
fibroblasts,512,0.005,1e-8,0.9947352524445593,0.8551142616439658
fibroblasts,768,0.005,1e-8,0.9950728885091437,0.8563015820281069
fibroblasts,256,0.05,1e-8,0.9839058208969729,0.8294800680147318
fibroblasts,384,0.05,1e-8,0.9859309381360785,0.8333344176074413
fibroblasts,512,0.05,1e-8,0.9869625154343047,0.8353914936984506
fibroblasts,768,0.05,1e-8,0.9878830534598717,0.8373396258442714
fibroblasts,256,5e-5,1e-8,0.9937522656997642,0.8517120287383476
fibroblasts,384,5e-5,1e-8,0.9946101941696279,0.8545905095491001
fibroblasts,512,5e-5,1e-8,0.9950035454499399,0.856073762101957
fibroblasts,768,5e-5,1e-8,0.9953012102416431,0.8575207754048948
fibroblasts,256,5e-4,1e-8,0.9937309056705053,0.8516337308469492
fibroblasts,384,5e-4,1e-8,0.9946142648666424,0.8545878980200252
fibroblasts,512,5e-4,1e-8,0.9949980555890886,0.8561108238807184
fibroblasts,768,5e-4,1e-8,0.9953005471067565,0.8574290840021778
fibroblasts,256,5e-6,1e-8,0.9937495049985141,0.8516977235908952
fibroblasts,384,5e-6,1e-8,0.9946041663524444,0.8545875415908601
fibroblasts,512,5e-6,1e-8,0.9950102834554119,0.8560896985982802
fibroblasts,768,5e-6,1e-8,0.9953070578555029,0.8576030625611794
fibroblasts,256,0.005,1e-7,0.9957871673381029,0.8583222475090216
fibroblasts,384,0.005,1e-7,0.9960004804074821,0.8588774750409267
fibroblasts,512,0.005,1e-7,0.996149940212287,0.8590880081525702
fibroblasts,768,0.005,1e-7,0.9963174209971719,0.8591437276272422
fibroblasts,256,0.05,1e-7,0.9901698225317858,0.8426197195149331
fibroblasts,384,0.05,1e-7,0.9907948049947012,0.8440148655199446
fibroblasts,512,0.05,1e-7,0.9914090373285801,0.8455682729286592
fibroblasts,768,0.05,1e-7,0.9916509577376392,0.8461468808429121
fibroblasts,256,5e-5,1e-7,0.996022168036122,0.8599747627888499
fibroblasts,384,5e-5,1e-7,0.9962744656118881,0.8603918740192861
fibroblasts,512,5e-5,1e-7,0.9964353181184248,0.8604270576905237
fibroblasts,768,5e-5,1e-7,0.9966272033825012,0.8603880698233894
fibroblasts,256,5e-4,1e-7,0.9960090806712273,0.8599956618758563
fibroblasts,384,5e-4,1e-7,0.9962492749249834,0.8602608520290835
fibroblasts,512,5e-4,1e-7,0.9964352043519294,0.8603438520436983
fibroblasts,768,5e-4,1e-7,0.9966548314269218,0.8604767932678665
fibroblasts,256,5e-6,1e-7,0.9960271531675023,0.8600109677667337
fibroblasts,384,5e-6,1e-7,0.9962781879013327,0.8604140754436264
fibroblasts,512,5e-6,1e-7,0.9964343338849806,0.8604218003603388
fibroblasts,768,5e-6,1e-7,0.99665486409102,0.8604940800823729
fibroblasts,256,0.005,1e-6,0.9967103795774537,0.8590457781509152
fibroblasts,384,0.005,1e-6,0.9967787110165619,0.858913145375063
fibroblasts,512,0.005,1e-6,0.9968410712932751,0.8588842746126913
fibroblasts,768,0.005,1e-6,0.9968782998762733,0.8584988307426913
fibroblasts,256,0.05,1e-6,0.9934782367401964,0.8505936294168004
fibroblasts,384,0.05,1e-6,0.9938895982191879,0.851589204618942
fibroblasts,512,0.05,1e-6,0.9938706885856248,0.8515337867381789
fibroblasts,768,0.05,1e-6,0.9938706885856248,0.8515337867381789
fibroblasts,256,5e-5,1e-6,0.9968623491921171,0.8587700322108759
fibroblasts,384,5e-5,1e-6,0.9967692857109255,0.8579680323174084
fibroblasts,512,5e-5,1e-6,0.9966570436950549,0.857539960890146
fibroblasts,768,5e-5,1e-6,0.996484531761151,0.8568578171578439
fibroblasts,256,5e-4,1e-6,0.9968366821362963,0.8590039114328323
fibroblasts,384,5e-4,1e-6,0.9967298687562438,0.8582551085922531
fibroblasts,512,5e-4,1e-6,0.9966401822394219,0.8576358334811458
fibroblasts,768,5e-4,1e-6,0.9965576122951955,0.8572181190628918
fibroblasts,256,5e-6,1e-6,0.9968624943268692,0.8587335599111182
fibroblasts,384,5e-6,1e-6,0.9967586146377984,0.857954028763865
fibroblasts,512,5e-6,1e-6,0.9966577242552722,0.8576065788719811
fibroblasts,768,5e-6,1e-6,0.9965094085719512,0.8567789777682909
fibroblasts,256,0.005,1e-5,0.9970064160770115,0.8579576204731437
fibroblasts,384,0.005,1e-5,0.9969943483758644,0.8579912756116158
fibroblasts,512,0.005,1e-5,0.9970096687220115,0.8580217982860794
fibroblasts,768,0.005,1e-5,0.9970096687220115,0.8580217982860794
fibroblasts,256,0.05,1e-5,0.9938450765664717,0.8513037734017823
fibroblasts,384,0.05,1e-5,0.9938450765664717,0.8513037734017823
fibroblasts,512,0.05,1e-5,0.9938450765664717,0.8513037734017823
fibroblasts,768,0.05,1e-5,0.9938450765664717,0.8513037734017823
fibroblasts,256,5e-5,1e-5,0.9961065907467254,0.8546718439428088
fibroblasts,384,5e-5,1e-5,0.9959057099285117,0.8537871799006707
fibroblasts,512,5e-5,1e-5,0.9958228275735181,0.8534963062843364
fibroblasts,768,5e-5,1e-5,0.995746901496611,0.8536202202544583
fibroblasts,256,5e-4,1e-5,0.9964322942630547,0.8555605863571244
fibroblasts,384,5e-4,1e-5,0.9962491098973875,0.8548554049628256
fibroblasts,512,5e-4,1e-5,0.9961125244356807,0.8544074968816451
fibroblasts,768,5e-4,1e-5,0.996002677681197,0.8539604661645631
fibroblasts,256,5e-6,1e-5,0.9961422681733544,0.8548216812802834
fibroblasts,384,5e-6,1e-5,0.9958684325990912,0.8535688396194303
fibroblasts,512,5e-6,1e-5,0.9958682319508114,0.8535439238499097
fibroblasts,768,5e-6,1e-5,0.9956788434712025,0.8535176440533921
fibroblasts,256,0.005,1e-4,0.9971972127008251,0.8584729142297457
fibroblasts,384,0.005,1e-4,0.9971972127008251,0.8584729142297457
fibroblasts,512,0.005,1e-4,0.9971972127008251,0.8584729142297457
fibroblasts,768,0.005,1e-4,0.9971972127008251,0.8584729142297457
fibroblasts,256,0.05,1e-4,0.9939653776287067,0.8484357729793646
fibroblasts,384,0.05,1e-4,0.9939653776287067,0.8484357729793646
fibroblasts,512,0.05,1e-4,0.9939653776287067,0.8484357729793646
fibroblasts,768,0.05,1e-4,0.9939653776287067,0.8484357729793646
fibroblasts,256,5e-5,1e-4,0.9953493672096536,0.8520450295402316
fibroblasts,384,5e-5,1e-4,0.9952301777553985,0.8512837996597237
fibroblasts,512,5e-5,1e-4,0.9950680498647224,0.8506484441097457
fibroblasts,768,5e-5,1e-4,0.994622352765083,0.8493098880890977
fibroblasts,256,5e-4,1e-4,0.9961273466615816,0.8545120540063402
fibroblasts,384,5e-4,1e-4,0.9961177872534315,0.8544953635252446
fibroblasts,512,5e-4,1e-4,0.9960936847631843,0.8544091899201792
fibroblasts,768,5e-4,1e-4,0.9960974430247945,0.8544919431761412
fibroblasts,256,5e-6,1e-4,0.9952038885895284,0.8516262938153315
fibroblasts,384,5e-6,1e-4,0.994989143812798,0.8505070102752786
fibroblasts,512,5e-6,1e-4,0.9948636783549137,0.8502309353237024
fibroblasts,768,5e-6,1e-4,0.9945202839650766,0.8493200668835237
fibroblasts,256,0.005,0.001,0.996463924667441,0.8562675293340276
fibroblasts,384,0.005,0.001,0.996463924667441,0.8562675293340276
fibroblasts,512,0.005,0.001,0.996463924667441,0.8562675293340276
fibroblasts,768,0.005,0.001,0.996463924667441,0.8562675293340276
fibroblasts,256,0.05,0.001,0.9905022901074945,0.8152138398854076
fibroblasts,384,0.05,0.001,0.9905022901074945,0.8152138398854076
fibroblasts,512,0.05,0.001,0.9905022901074945,0.8152138398854076
fibroblasts,768,0.05,0.001,0.9905022901074945,0.8152138398854076
fibroblasts,256,5e-5,0.001,0.9958119520563093,0.8538839709822111
fibroblasts,384,5e-5,0.001,0.9958119520563093,0.8538839709822111
fibroblasts,512,5e-5,0.001,0.9958119520563093,0.8538839709822111
fibroblasts,768,5e-5,0.001,0.9958119520563093,0.8538839709822111
fibroblasts,256,5e-4,0.001,0.9961110980641933,0.8550360665686725
fibroblasts,384,5e-4,0.001,0.9961110980641933,0.8550360665686725
fibroblasts,512,5e-4,0.001,0.9961110980641933,0.8550360665686725
fibroblasts,768,5e-4,0.001,0.9961110980641933,0.8550360665686725
fibroblasts,256,5e-6,0.001,0.995768232941547,0.8536680914330914
fibroblasts,384,5e-6,0.001,0.995768232941547,0.8536680914330914
fibroblasts,512,5e-6,0.001,0.995768232941547,0.8536680914330914
fibroblasts,768,5e-6,0.001,0.995768232941547,0.8536680914330914
endothelial.cells,256,0.005,1e-8,0.9975640828636985,0.8791663687393576
endothelial.cells,384,0.005,1e-8,0.9983412437204624,0.8823540375681508
endothelial.cells,512,0.005,1e-8,0.9985376394513438,0.8830699586479077
endothelial.cells,768,0.005,1e-8,0.9987463839030606,0.8836439516320872
endothelial.cells,256,0.05,1e-8,0.983272672193945,0.8478803676805733
endothelial.cells,384,0.05,1e-8,0.9876074195695695,0.8563485639610885
endothelial.cells,512,0.05,1e-8,0.9903872276118926,0.8619506447218523
endothelial.cells,768,0.05,1e-8,0.99219729926036,0.8659338834674428
endothelial.cells,256,5e-5,1e-8,0.99803066361902,0.8809414289076951
endothelial.cells,384,5e-5,1e-8,0.9985785257834559,0.8832817027242656
endothelial.cells,512,5e-5,1e-8,0.9987368488187439,0.8837946995836232
endothelial.cells,768,5e-5,1e-8,0.9989430603535893,0.8840176541966511
endothelial.cells,256,5e-4,1e-8,0.9980158921038811,0.8808409527844556
endothelial.cells,384,5e-4,1e-8,0.998570138261936,0.8831775797999406
endothelial.cells,512,5e-4,1e-8,0.9987358485676822,0.8837620539605731
endothelial.cells,768,5e-4,1e-8,0.998930270916218,0.8839809835857363
endothelial.cells,256,5e-6,1e-8,0.9980302021766477,0.8809262474098432
endothelial.cells,384,5e-6,1e-8,0.9985756896193064,0.8832715727212505
endothelial.cells,512,5e-6,1e-8,0.9987343461876669,0.8837889457419106
endothelial.cells,768,5e-6,1e-8,0.998940700474155,0.8840252854655892
endothelial.cells,256,0.005,1e-7,0.9991010478729386,0.884275591086758
endothelial.cells,384,0.005,1e-7,0.9991697266944818,0.8843395316657896
endothelial.cells,512,0.005,1e-7,0.9992093270792499,0.8845111609302075
endothelial.cells,768,0.005,1e-7,0.999249120949995,0.8846101918396835
endothelial.cells,256,0.05,1e-7,0.9935957948792477,0.8694495888072079
endothelial.cells,384,0.05,1e-7,0.9938663842242405,0.870061805669431
endothelial.cells,512,0.05,1e-7,0.994344228600328,0.8709458037592153
endothelial.cells,768,0.05,1e-7,0.9944236828178196,0.8712744345636972
endothelial.cells,256,5e-5,1e-7,0.9992482410187109,0.8842003319176909
endothelial.cells,384,5e-5,1e-7,0.9992926927982276,0.8842213212839383
endothelial.cells,512,5e-5,1e-7,0.9993128945426648,0.8842293037263141
endothelial.cells,768,5e-5,1e-7,0.9993291847941869,0.8843653159001308
endothelial.cells,256,5e-4,1e-7,0.9992286400453019,0.8841364318586714
endothelial.cells,384,5e-4,1e-7,0.9992856652065245,0.8842443636641301
endothelial.cells,512,5e-4,1e-7,0.9993069832723823,0.8843697055681041
endothelial.cells,768,5e-4,1e-7,0.9993319800525271,0.8843126128711106
endothelial.cells,256,5e-6,1e-7,0.9992426341636322,0.8841687263082836
endothelial.cells,384,5e-6,1e-7,0.9992980708465694,0.8842393661959759
endothelial.cells,512,5e-6,1e-7,0.9993147171728773,0.8842816150618844
endothelial.cells,768,5e-6,1e-7,0.9993434390949464,0.8845004636470235
endothelial.cells,256,0.005,1e-6,0.9992847424716487,0.884680440033926
endothelial.cells,384,0.005,1e-6,0.9993074968150765,0.8847342506099425
endothelial.cells,512,0.005,1e-6,0.999308501875213,0.8846935009844802
endothelial.cells,768,0.005,1e-6,0.9992944040370323,0.8845717383482382
endothelial.cells,256,0.05,1e-6,0.9947423347532433,0.8717196954695602
endothelial.cells,384,0.05,1e-6,0.9947593777890974,0.8717532865595584
endothelial.cells,512,0.05,1e-6,0.9947485800803554,0.8717522330392448
endothelial.cells,768,0.05,1e-6,0.9947485800803554,0.8717522330392448
endothelial.cells,256,5e-5,1e-6,0.9993015681894977,0.8838711473397107
endothelial.cells,384,5e-5,1e-6,0.9992689455516454,0.8837619459072076
endothelial.cells,512,5e-5,1e-6,0.9992292678838115,0.8837449680221542
endothelial.cells,768,5e-5,1e-6,0.9992026976062659,0.8834889760926262
endothelial.cells,256,5e-4,1e-6,0.9993314193380987,0.8840787043481557
endothelial.cells,384,5e-4,1e-6,0.9992976050171496,0.8838125689089419
endothelial.cells,512,5e-4,1e-6,0.9992470663240697,0.8835461228163022
endothelial.cells,768,5e-4,1e-6,0.9991860689177887,0.8833084864522377
endothelial.cells,256,5e-6,1e-6,0.9993021526819432,0.8838885844515675
endothelial.cells,384,5e-6,1e-6,0.999253243547195,0.8836889288454743
endothelial.cells,512,5e-6,1e-6,0.9992226453767383,0.8837391601537589
endothelial.cells,768,5e-6,1e-6,0.9991975805827437,0.88361726245081
endothelial.cells,256,0.005,1e-5,0.9993065861208053,0.884447085284469
endothelial.cells,384,0.005,1e-5,0.9993065861208053,0.884447085284469
endothelial.cells,512,0.005,1e-5,0.9993065861208053,0.884447085284469
endothelial.cells,768,0.005,1e-5,0.9993065861208053,0.884447085284469
endothelial.cells,256,0.05,1e-5,0.9947287876677332,0.8708548093187979
endothelial.cells,384,0.05,1e-5,0.9947287876677332,0.8708548093187979
endothelial.cells,512,0.05,1e-5,0.9947287876677332,0.8708548093187979
endothelial.cells,768,0.05,1e-5,0.9947287876677332,0.8708548093187979
endothelial.cells,256,5e-5,1e-5,0.9989063700137528,0.8824132778257834
endothelial.cells,384,5e-5,1e-5,0.9988346955070061,0.8821582988965568
endothelial.cells,512,5e-5,1e-5,0.9987463926305503,0.8815324943236228
endothelial.cells,768,5e-5,1e-5,0.9987397895768,0.8813421042936207
endothelial.cells,256,5e-4,1e-5,0.99911323448118,0.8832292022953058
endothelial.cells,384,5e-4,1e-5,0.9990880817468019,0.88318739914953
endothelial.cells,512,5e-4,1e-5,0.9990665451397535,0.8831145171545037
endothelial.cells,768,5e-4,1e-5,0.9990206199719807,0.8828248395882826
endothelial.cells,256,5e-6,1e-5,0.9988889280896561,0.882478812191956
endothelial.cells,384,5e-6,1e-5,0.9987575403596227,0.8818497119913743
endothelial.cells,512,5e-6,1e-5,0.9987962131903864,0.8820108060526564
endothelial.cells,768,5e-6,1e-5,0.9985307204463414,0.8811955028899856
endothelial.cells,256,0.005,1e-4,0.9992937884559658,0.8841467104350641
endothelial.cells,384,0.005,1e-4,0.9992937884559658,0.8841467104350641
endothelial.cells,512,0.005,1e-4,0.9992937884559658,0.8841467104350641
endothelial.cells,768,0.005,1e-4,0.9992937884559658,0.8841467104350641
endothelial.cells,256,0.05,1e-4,0.9952932805190218,0.8705629166585842
endothelial.cells,384,0.05,1e-4,0.9952932805190218,0.8705629166585842
endothelial.cells,512,0.05,1e-4,0.9952932805190218,0.8705629166585842
endothelial.cells,768,0.05,1e-4,0.9952932805190218,0.8705629166585842
endothelial.cells,256,5e-5,1e-4,0.9988820195732323,0.8825853798236754
endothelial.cells,384,5e-5,1e-4,0.9988314476084411,0.8824580119190983
endothelial.cells,512,5e-5,1e-4,0.9988185295088801,0.8823102354351133
endothelial.cells,768,5e-5,1e-4,0.9988047232310839,0.8821782752625027
endothelial.cells,256,5e-4,1e-4,0.9990788142962158,0.882801837728103
endothelial.cells,384,5e-4,1e-4,0.9990788142962158,0.882801837728103
endothelial.cells,512,5e-4,1e-4,0.9990788142962158,0.882801837728103
endothelial.cells,768,5e-4,1e-4,0.9990788142962158,0.882801837728103
endothelial.cells,256,5e-6,1e-4,0.9988455581804067,0.8824099551847945
endothelial.cells,384,5e-6,1e-4,0.9987329894184632,0.8821476488867204
endothelial.cells,512,5e-6,1e-4,0.9986288283896849,0.8818844443950455
endothelial.cells,768,5e-6,1e-4,0.9984234119485117,0.8814839175824973
endothelial.cells,256,0.005,0.001,0.9985833916088374,0.880018025106182
endothelial.cells,384,0.005,0.001,0.9985833916088374,0.880018025106182
endothelial.cells,512,0.005,0.001,0.9985833916088374,0.880018025106182
endothelial.cells,768,0.005,0.001,0.9985833916088374,0.880018025106182
endothelial.cells,256,0.05,0.001,0.9919846919968588,0.8431236491780937
endothelial.cells,384,0.05,0.001,0.9919846919968588,0.8431236491780937
endothelial.cells,512,0.05,0.001,0.9919846919968588,0.8431236491780937
endothelial.cells,768,0.05,0.001,0.9919846919968588,0.8431236491780937
endothelial.cells,256,5e-5,0.001,0.998989511757067,0.8822282972173916
endothelial.cells,384,5e-5,0.001,0.998989511757067,0.8822282972173916
endothelial.cells,512,5e-5,0.001,0.998989511757067,0.8822282972173916
endothelial.cells,768,5e-5,0.001,0.998989511757067,0.8822282972173916
endothelial.cells,256,5e-4,0.001,0.9989986464928908,0.8821125855696172
endothelial.cells,384,5e-4,0.001,0.9989986464928908,0.8821125855696172
endothelial.cells,512,5e-4,0.001,0.9989986464928908,0.8821125855696172
endothelial.cells,768,5e-4,0.001,0.9989986464928908,0.8821125855696172
endothelial.cells,256,5e-6,0.001,0.9989980095693648,0.8824154051264166
endothelial.cells,384,5e-6,0.001,0.9989980095693648,0.8824154051264166
endothelial.cells,512,5e-6,0.001,0.9989980095693648,0.8824154051264166
endothelial.cells,768,5e-6,0.001,0.9989980095693648,0.8824154051264166
